USE banco;

#-------------------------------------------------------------------------
# Carga de datos de Prueba

#Ciudades:
INSERT INTO ciudad VALUES("Pigue", 8170);
INSERT INTO ciudad VALUES("Bahia Blanca", 8000);
INSERT INTO ciudad VALUES("La Plata", 1900);
INSERT INTO ciudad VALUES("Mar del Plata", 7600);
INSERT INTO ciudad VALUES("Tandil", 7000);
INSERT INTO ciudad VALUES("Olavarria", 7400);
INSERT INTO ciudad VALUES("Junin", 6000);
INSERT INTO ciudad VALUES("San Nicolas de los Arrollos", 2900);
INSERT INTO ciudad VALUES("Chivilcoy", 6620);
INSERT INTO ciudad VALUES("Zarate", 2800);

#Sucursales
INSERT INTO sucursal VALUES(128, "Galicia", "Peru 170", "2915152335", "18:00-20:00", 8170);
INSERT INTO sucursal VALUES(129, "Santander", "Avenida Rivadavia 1020", "1134567890", "09:00-17:00", 8000);
INSERT INTO sucursal VALUES(130, "BBVA", "Calle Florida 750", "1156789123", "10:00-16:00", 1900);
INSERT INTO sucursal VALUES(131, "HSBC", "Corrientes 550", "1122334455", "09:00-15:00", 7600);
INSERT INTO sucursal VALUES(132, "Banco Nacion", "Mitre 1234", "1145678901", "08:00-13:00", 7000);
INSERT INTO sucursal VALUES(133, "Macro", "Belgrano 333", "1134567809", "09:00-14:00", 7400);
INSERT INTO sucursal VALUES(134, "Patagonia", "San Martin 123", "1178901234", "09:00-16:00", 6000);
INSERT INTO sucursal VALUES(135, "Credicoop", "Lavalle 400", "1123456789", "10:00-15:00", 2900);
INSERT INTO sucursal VALUES(136, "Supervielle", "Alem 850", "1167890123", "09:00-17:00", 6620);
INSERT INTO sucursal VALUES(137, "Comafi", "Entre Rios 1200", "1176543210", "09:00-18:00", 2800);

#Empleados
INSERT INTO empleado VALUES(2080, "Sevenants", "Antonio", "DNI", 43091344, "Alem 1047", "2923447685", "Encargado", md5("perro123"), 128);
INSERT INTO empleado VALUES(2081, "Perez", "Juan", "DNI", 40123456, "Sarmiento 123", "1134567890", "Cajero", md5("clave123"), 129);
INSERT INTO empleado VALUES(2082, "Gonzalez", "Maria", "DNI", 39234567, "Colon 450", "1145678901", "Gerente", md5("clave456"), 130);
INSERT INTO empleado VALUES(2083, "Lopez", "Carla", "DNI", 38456789, "Mitre 800", "1156789012", "Cajero", md5("clave789"), 131);
INSERT INTO empleado VALUES(2084, "Martinez", "Lucas", "DNI", 37654321, "Belgrano 900", "1167890123", "Supervisor", md5("secreto12"), 132);
INSERT INTO empleado VALUES(2085, "Fernandez", "Sofia", "DNI", 36890123, "San Martin 350", "1178901234", "Encargado", md5("pat123456"), 133);
INSERT INTO empleado VALUES(2086, "Rodriguez", "Jose", "DNI", 35467890, "Lavalle 500", "1189012345", "Asistente", md5("macro321"), 134);
INSERT INTO empleado VALUES(2087, "Alvarez", "Ana", "DNI", 32145678, "Avenida Rivadavia 200", "1134567891", "Cajero", md5("clave789"), 129);
INSERT INTO empleado VALUES(2088, "Mendoza", "Ricardo", "DNI", 33234567, "Av. Belgrano 600", "1145678912", "Gerente", md5("seguro12"), 130);
INSERT INTO empleado VALUES(2089, "Romero", "Laura", "DNI", 34345678, "Calle San Martin 500", "1156789123", "Cajero", md5("miClave1"), 131);
INSERT INTO empleado VALUES(2090, "Garcia", "Pedro", "DNI", 35456789, "Calle Mitre 1000", "1167890123", "Supervisor", md5("clave321"), 132);
INSERT INTO empleado VALUES(2091, "Vargas", "Sofia", "DNI", 36567890, "Av. San Martin 123", "1178901234", "Encargado", md5("pass1234"), 133);
INSERT INTO empleado VALUES(2092, "Castro", "Carlos", "DNI", 37678901, "Lavalle 450", "1189012345", "Asistente", md5("pass5678"), 134);
INSERT INTO empleado VALUES(2093, "Navarro", "Julieta", "DNI", 38789012, "Peatonal San Martin 550", "1190123456", "Cajero", md5("word1234"), 134);
INSERT INTO empleado VALUES(2094, "Rios", "Tomas", "DNI", 39890123, "Avenida Colon 1500", "1201234567", "Cajero", md5("1234word"), 135);

#Clientes
INSERT INTO cliente VALUES(101, "Gomez", "Julian","DNI", "41238908", "Peru 508", "2923703250", "2000-10-12");
INSERT INTO cliente VALUES(102, "Blackhall", "Emilio", "DNI", "42091787", "Alem 987", "291347689", "1998-04-13");
INSERT INTO cliente VALUES(103, "Lopez", "Agustina", "DNI", "34032123", "Mitre 344", "2923768534", "1999-09-14");
INSERT INTO cliente VALUES(104, "Rueda", "Martina", "DNI", "41654321", "Rondeau 450", "291500632", "2001-04-01");
INSERT INTO cliente VALUES(105, "Schamber", "Gustavo", "DNI", "43091343", "11 de Abril 503", "2923456789", "2003-05-01");

#Plazos fijos
INSERT INTO plazo_fijo VALUES(121, 50000.00, "2023-01-01", "2024-05-01", 3.50, 875.00, 128);
INSERT INTO plazo_fijo VALUES(122, 100000.00, "2024-02-15", "2024-01-15", 4.00, 2000.00, 129);
INSERT INTO plazo_fijo VALUES(123, 75000.00, "2022-03-10", "2024-09-10", 3.75, 1406.25, 130);
INSERT INTO plazo_fijo VALUES(124, 60000.00, "2024-04-05", "2024-06-05", 4.10, 1230.00, 131);
INSERT INTO plazo_fijo VALUES(125, 80000.00, "2024-05-20", "2024-11-20", 3.90, 1560.00, 132);

#Tasas Plazos fijos
INSERT INTO tasa_plazo_fijo VALUES(30, 0.00, 50000.00, 3.50);
INSERT INTO tasa_plazo_fijo VALUES(60, 50000.01, 100000.00, 3.75);
INSERT INTO tasa_plazo_fijo VALUES(90, 100000.01, 150000.00, 4.00);
INSERT INTO tasa_plazo_fijo VALUES(120, 150000.01, 200000.00, 4.25);
INSERT INTO tasa_plazo_fijo VALUES(180, 200000.01, 300000.00, 4.50);

#Plazo Cliente
INSERT INTO plazo_cliente VALUES(121,101); 
INSERT INTO plazo_cliente VALUES(122,102);
INSERT INTO plazo_cliente VALUES(123,103);
INSERT INTO plazo_cliente VALUES(124,104);
INSERT INTO plazo_cliente VALUES(125,105);

#Prestamo 
INSERT INTO prestamo VALUES(1001, "2024-09-17", 12, 50000.00, 3.50, 1750.00, 4312.50, 2080, 101);
INSERT INTO prestamo VALUES(1002, "2024-09-18", 24, 100000.00, 4.00, 4000.00, 4562.50, 2081, 102);
INSERT INTO prestamo VALUES(1003, "2024-09-19", 36, 75000.00, 3.75, 2812.50, 2229.00, 2082, 103);
INSERT INTO prestamo VALUES(1004, "2024-09-20", 48, 60000.00, 4.10, 2460.00, 1591.25, 2083, 104);
INSERT INTO prestamo VALUES(1005, "2024-09-21", 60, 80000.00, 3.90, 3120.00, 1432.75, 2084, 105);

#Pago
INSERT INTO pago VALUES(1001, 121, "2024-10-01", "2024-09-25");
INSERT INTO pago VALUES(1002, 122, "2024-11-01", NULL);
INSERT INTO pago VALUES(1003, 123, "2024-10-15", "2024-10-10");
INSERT INTO pago VALUES(1004, 124, "2024-11-15", NULL);
INSERT INTO pago VALUES(1005, 125, "2024-12-01", "2024-11-30");

#Tasa prestamo 
INSERT INTO tasa_prestamo VALUES(12, 0.00, 50000.00, 3.50);
INSERT INTO tasa_prestamo VALUES(24, 50000.01, 100000.00, 3.75);
INSERT INTO tasa_prestamo VALUES(36, 100000.01, 150000.00, 4.00);
INSERT INTO tasa_prestamo VALUES(48, 150000.01, 200000.00, 4.25);
INSERT INTO tasa_prestamo VALUES(60, 200000.01, 300000.00, 4.50);

#Caja ahorro 
INSERT INTO caja_ahorro VALUES(1001, 123456789012345678, 1500.00);
INSERT INTO caja_ahorro VALUES(1002, 987654321098765432, 2500.50);
INSERT INTO caja_ahorro VALUES(1003, 111111111111111111, 3200.75);
INSERT INTO caja_ahorro VALUES(1004, 222222222222222222, 1800.25);
INSERT INTO caja_ahorro VALUES(1005, 333333333333333333, 4100.00);

#Cliente Caja ahorro
INSERT INTO cliente_ca VALUES(101, 1001);
INSERT INTO cliente_ca VALUES(102, 1002);
INSERT INTO cliente_ca VALUES(103, 1003);
INSERT INTO cliente_ca VALUES(104, 1004);
INSERT INTO cliente_ca VALUES(105, 1005);

#Tarjeta 
INSERT INTO tarjeta VALUES(1221, "1234", "5678", "2025-12-31", 101, 1001);
INSERT INTO tarjeta VALUES(1222, "2345", "6789", "2025-11-30", 102, 1002);
INSERT INTO tarjeta VALUES(1223, "3456", "7890", "2026-01-15", 103, 1003);
INSERT INTO tarjeta VALUES(1224, "4567", "8901", "2026-06-30", 104, 1004);
INSERT INTO tarjeta VALUES(1225, "5678", "9012", "2026-09-22", 105, 1005);

#Caja 
INSERT INTO caja VALUES(00001);
INSERT INTO caja VALUES(00002);
INSERT INTO caja VALUES(00003);
INSERT INTO caja VALUES(00004);
INSERT INTO caja VALUES(00005);
INSERT INTO caja VALUES(00006);
INSERT INTO caja VALUES(00007);
INSERT INTO caja VALUES(00008);
INSERT INTO caja VALUES(00009);
INSERT INTO caja VALUES(00010);
INSERT INTO caja VALUES(00011);
INSERT INTO caja VALUES(00012);
INSERT INTO caja VALUES(00013);
INSERT INTO caja VALUES(00014);
INSERT INTO caja VALUES(00015);
INSERT INTO caja VALUES(00016);
INSERT INTO caja VALUES(00017);
INSERT INTO caja VALUES(00018);
INSERT INTO caja VALUES(00019);
INSERT INTO caja VALUES(00020);

#Ventanilla 
INSERT INTO ventanilla VALUES(00001, 128);
INSERT INTO ventanilla VALUES(00002, 129);
INSERT INTO ventanilla VALUES(00003, 130);
INSERT INTO ventanilla VALUES(00004, 131);
INSERT INTO ventanilla VALUES(00005, 132);
INSERT INTO ventanilla VALUES(00006, 133);
INSERT INTO ventanilla VALUES(00007, 134);
INSERT INTO ventanilla VALUES(00008, 135);
INSERT INTO ventanilla VALUES(00009, 136);
INSERT INTO ventanilla VALUES(00010, 137);

#ATM 
INSERT INTO ATM VALUES(00011, 8170, "Avenida Casey 1234");
INSERT INTO ATM VALUES(00012, 8000, "Calle Mitre 456");
INSERT INTO ATM VALUES(00013, 1900, "Boulevard 53 789");
INSERT INTO ATM VALUES(00014, 7600, "Calle Colón 234");
INSERT INTO ATM VALUES(00015, 7000, "Avenida Avellaneda 567");
INSERT INTO ATM VALUES(00016, 7400, "Calle Rivadavia 890");
INSERT INTO ATM VALUES(00017, 6000, "Calle Roque Sáenz Peña 135");
INSERT INTO ATM VALUES(00018, 2900, "Calle Mitre 246");
INSERT INTO ATM VALUES(00019, 6620, "Avenida Soarez 357");
INSERT INTO ATM VALUES(00020, 2800, "Calle Justa Lima de Atucha 468");

#Transaccion 
INSERT INTO transaccion VALUES(0000000001, "2024-09-19", "10:30:00", 1500.50);
INSERT INTO transaccion VALUES(0000000002, "2024-09-19", "14:45:00", 225.75);
INSERT INTO transaccion VALUES(0000000003, "2024-09-18", "09:10:00", 3050.00);
INSERT INTO transaccion VALUES(0000000004, "2024-09-17", "16:20:00", 499.99);
INSERT INTO transaccion VALUES(0000000005, "2024-09-16", "11:50:00", 100.00);
INSERT INTO transaccion VALUES(0000000006, "2024-09-19", "10:30:00", 1500.50);
INSERT INTO transaccion VALUES(0000000007, "2024-09-15", "08:30:00", 750.25);
INSERT INTO transaccion VALUES(0000000008, "2024-09-14", "17:15:00", 1025.00);

#Debito 
INSERT INTO debito VALUES(0000000001,"Pago verduleria", 101, 1001);
INSERT INTO debito VALUES(0000000002, "Pago cena", 102, 1002);

#Transaccion por caja 
INSERT INTO transaccion_por_caja VALUES(0000000003, 00001);
INSERT INTO transaccion_por_caja VALUES(0000000004, 00002);
INSERT INTO transaccion_por_caja VALUES(0000000005, 00003);
INSERT INTO transaccion_por_caja VALUES(0000000006, 00004);
INSERT INTO transaccion_por_caja VALUES(0000000007, 00005);
INSERT INTO transaccion_por_caja VALUES(0000000008, 00006);

#deposito
INSERT INTO deposito VALUES(0000000003, 1003);
INSERT INTO deposito VALUES(0000000004, 1004);

#Extraccion 
INSERT INTO extraccion VALUES(0000000005, 103, 1003);
INSERT INTO extraccion VALUES(0000000006, 104, 1004);

#Transferencia 
INSERT INTO transferencia VALUES(0000000007, 104, 1004, 1001);
INSERT INTO transferencia VALUES(0000000008, 105, 1005, 1002);


